Engage ID,Engage Name,Engage Approaches,Shield ID,Shield Name,Shield Tactics,Status,Notes
EAC0018,Security Controls,"EAP0003, EAP0004",DTE0032,Security Controls,"DTA0005, DTA0006, DTA0001, DTA0008, DTA0003, DTA0002",Technique Became Activity,
EAC0001,API Monitoring,EAP0001,DTE0003,API Monitoring,"DTA0004, DTA0002, DTA0001, DTA0008",Technique Became Activity,
EAC0006,Application Diversity,"EAP0006, EAP0007",DTE0004,Application Diversity,"DTA0001, DTA0002, DTA0006, DTA0008, DTA0004, DTA0007, DTA0005",Technique Became Activity,
EAC0019,Baseline,EAP0003,DTE0006,Baseline,"DTA0005, DTA0003, DTA0004",Technique Became Activity,
EAC0008,Burn-In,EAP0006,DTE0008,Burn-In,"DTA0007, DTA0006",Technique Became Activity,
EAC0005,Decoy Artifacts and Systems,"EAP0002, EAP0004, EAP0005",DTE0017,Decoy System,"DTA0001, DTA0002, DTA0008, DTA0004, DTA0006, DTA0007",Multiple Techniques Became Activity,"Decoy Account, Decoy Content, Decoy Credentials, Decoy Process, and Decoy Systems were collapsed into a single Activity, Decoy Artifacts and Systems. Each of these Techniques represent one form of a Decoy Artifact. The definition was expanded to include any artifact or system used to elicit a response from the adversary."
EAC0013,Detonate Malware,"EAP0002, EAP0004, EAP0007",DTE0018,Detonate Malware,"DTA0001, DTA0002, DTA0003, DTA0008",Technique Became Activity,
EAC0009,Email Manipulation,"EAP0004, EAP0006",DTE0019,Email Manipulation,"DTA0002, DTA0004, DTA0005",Technique Became Activity,
EAC0017,Hardware Manipulation,EAP0003,DTE0020,Hardware Manipulation,"DTA0003, DTA0005",Technique Became Activity,
SAC0004,Develop Threat Model,SAP0001,DTE0021,Hunting,"DTA0004, DTA0002",Technique Name was Changed and Scope Broadened,"Definition was expanded to include a variety of activities the defender can use to develop a threat model, including hunting."
EAC0020,Isolation,"EAP0003, EAP0005",DTE0022,Isolation,"DTA0003, DTA0004, DTA0005",Technique Became Activity,
EAC0021,Migrate Attack Vector,EAP0004,DTE0023,Migrate Attack Vector,"DTA0003, DTA0001, DTA0008",Technique Became Activity,
EAC0007,Network Diversity,"EAP0006, EAP0007",DTE0025,Network Diversity,"DTA0001, DTA0002, DTA0006, DTA0007, DTA0008",Technique Became Activity,
EAC0016,Network Manipulation,"EAP0003, EAP0004, EAP0005",DTE0026,Network Manipulation,"DTA0003, DTA0005, DTA0006, DTA0001, DTA0004, DTA0008",Technique Became Activity,
EAC0002,Network Monitoring,EAP0001,DTE0028,PCAP Collection,"DTA0002, DTA0004",Technique Name was Changed and Scope Broadened,"Definition was expanded to include capturing any form of network activity data, including PCAP, NetFlow, and server, firewall, and other relevant logs"
EAC0010,Peripheral Management,"EAP0004, EAP0006",DTE0029,Peripheral Management,"DTA0008, DTA0001, DTA0002, DTA0006",Technique Became Activity,
EAC0011,Pocket Litter,EAP0006,DTE0030,Pocket Litter,"DTA0006, DTA0007, DTA0008, DTA0004, DTA0001",Technique Became Activity,
EAC0004,Network Analysis,EAP0002,DTE0031,Protocol Decoder,"DTA0004, DTA0002",Technique Name was Changed and Scope Broadened,"Definition was expanded to include all forms of traffic analysis, not just protocol decorders."
EAC0003,System Activity Monitoring,EAP0001,DTE0034,System Activity Monitoring,"DTA0004, DTA0002",Technique Became Activity,
EAC0014,Software Manipulation,"EAP0001, EAP0004, EAP0005",DTE0036,Software Manipulation,"DTA0001, DTA0003, DTA0005, DTA0008, DTA0004, DTA0006, DTA0002",Technique Became Activity,
,,,DTE0035,User Training,"DTA0004, DTA0005",Deprecated,Technique was out of scope and was removed from Engage.
EAC0015,Information Manipulation,"EAP0006, EAP0007",,,,New Activity Added,New to Engage
SAC0001,Strategic Goal,SAP0001,,,,New Activity Added,Activity is a Strategic Activity. Strategic Actvities were not in scope for Shield
SAC0003,Storyboarding,SAP0001,,,,New Activity Added,Activity is a Strategic Activity. Strategic Actvities were not in scope for Shield
SAC0005,Define Exit Criteria,SAP0001,,,,New Activity Added,Activity is a Strategic Activity. Strategic Actvities were not in scope for Shield
SAC0006,Hotwash,SAP0002,,,,New Activity Added,Activity is a Strategic Activity. Strategic Actvities were not in scope for Shield
SAC0007,Refine Operation Activities,SAP0002,,,,New Activity Added,Activity is a Strategic Activity. Strategic Actvities were not in scope for Shield
SAC0008,Distill Intelligence,SAP0002,,,,New Activity Added,Activity is a Strategic Activity. Strategic Actvities were not in scope for Shield
SAC0009,Inform Threat Model,SAP0002,,,,New Activity Added,Activity is a Strategic Activity. Strategic Actvities were not in scope for Shield
