[{"explanation": "Security Controls and Admin Access were collapsed into a single Activity. The new definition of Security Controls includes configuration changes to the security settings of a system, including modifying a users administrative priviledges.", "shield_name": "Admin Access", "engage_name": "Security Controls", "shield_id": "DTE0001", "shield_tactics": ["DTA0006", "DTA0008", "DTA0001", "DTA0005", "DTA0003"], "engage_id": "EAC0018", "engage_approaches": ["EAP0003", "EAP0004"], "status": "Multiple Techniques Became Activity"}, {"explanation": null, "shield_name": "API Monitoring", "engage_name": "API Monitoring", "shield_id": "DTE0003", "shield_tactics": ["DTA0004", "DTA0002", "DTA0001", "DTA0008"], "engage_id": "EAC0001", "engage_approaches": ["EAP0001"], "status": "Technique Became Activity"}, {"explanation": null, "shield_name": "Application Diversity", "engage_name": "Application Diversity", "shield_id": "DTE0004", "shield_tactics": ["DTA0001", "DTA0002", "DTA0006", "DTA0008", "DTA0004", "DTA0007", "DTA0005"], "engage_id": "EAC0006", "engage_approaches": ["EAP0006", "EAP0007"], "status": "Technique Became Activity"}, {"explanation": null, "shield_name": "Baseline", "engage_name": "Baseline", "shield_id": "DTE0006", "shield_tactics": ["DTA0005", "DTA0003", "DTA0004"], "engage_id": "EAC0019", "engage_approaches": ["EAP0003"], "status": "Technique Became Activity"}, {"explanation": null, "shield_name": "Burn-In", "engage_name": "Burn-In", "shield_id": "DTE0008", "shield_tactics": ["DTA0007", "DTA0006"], "engage_id": "EAC0008", "engage_approaches": ["EAP0006"], "status": "Technique Became Activity"}, {"explanation": "Decoy Account, Decoy Content, Decoy Credentials, Decoy Process, and Decoy Systems were collapsed into a single Activity, Decoy Artifacts and Systems. Each of these Techniques represent one form of a Decoy Artifact. The definition was expanded to include any artifact or system used to elicit a response from the adversary.", "shield_name": "Decoy Account", "engage_name": "Decoy Artifacts and Systems", "shield_id": "DTE0010", "shield_tactics": ["DTA0007", "DTA0001", "DTA0002", "DTA0004", "DTA0006", "DTA0003", "DTA0008"], "engage_id": "EAC0005", "engage_approaches": ["EAP0002", "EAP0004", "EAP0005"], "status": "Multiple Techniques Became Activity"}, {"explanation": "Decoy Account, Decoy Content, Decoy Credentials, Decoy Process, and Decoy Systems were collapsed into a single Activity, Decoy Artifacts and Systems. Each of these Techniques represent one form of a Decoy Artifact. The definition was expanded to include any artifact or system used to elicit a response from the adversary.", "shield_name": "Decoy Content ", "engage_name": "Decoy Artifacts and Systems", "shield_id": "DTE0011", "shield_tactics": ["DTA0001", "DTA0004", "DTA0007", "DTA0006", "DTA0008", "DTA0002", "DTA0005"], "engage_id": "EAC0005", "engage_approaches": ["EAP0002", "EAP0004", "EAP0005"], "status": "Multiple Techniques Became Activity"}, {"explanation": "Decoy Account, Decoy Content, Decoy Credentials, Decoy Process, and Decoy Systems were collapsed into a single Activity, Decoy Artifacts and Systems. Each of these Techniques represent one form of a Decoy Artifact. The definition was expanded to include any artifact or system used to elicit a response from the adversary.", "shield_name": "Decoy Credentials", "engage_name": "Decoy Artifacts and Systems", "shield_id": "DTE0012", "shield_tactics": ["DTA0004", "DTA0008", "DTA0001", "DTA0006", "DTA0007", "DTA0002", "DTA0005"], "engage_id": "EAC0005", "engage_approaches": ["EAP0002", "EAP0004", "EAP0005"], "status": "Multiple Techniques Became Activity"}, {"explanation": "Decoy Account, Decoy Content, Decoy Credentials, Decoy Process, and Decoy Systems were collapsed into a single Activity, Decoy Artifacts and Systems. Each of these Techniques represent one form of a Decoy Artifact. The definition was expanded to include any artifact or system used to elicit a response from the adversary.", "shield_name": "Decoy Diversity", "engage_name": "Decoy Artifacts and Systems", "shield_id": "DTE0013", "shield_tactics": ["DTA0008", "DTA0007", "DTA0006", "DTA0001", "DTA0004"], "engage_id": "EAC0005", "engage_approaches": ["EAP0002", "EAP0004", "EAP0005"], "status": "Multiple Techniques Became Activity"}, {"explanation": "Decoy Account, Decoy Content, Decoy Credentials, Decoy Process, and Decoy Systems were collapsed into a single Activity, Decoy Artifacts and Systems. Each of these Techniques represent one form of a Decoy Artifact. The definition was expanded to include any artifact or system used to elicit a response from the adversary.", "shield_name": "Decoy Network", "engage_name": "Decoy Artifacts and Systems", "shield_id": "DTE0014", "shield_tactics": ["DTA0001", "DTA0003", "DTA0004", "DTA0005", "DTA0007", "DTA0002", "DTA0008"], "engage_id": "EAC0005", "engage_approaches": ["EAP0002", "EAP0004", "EAP0005"], "status": "Multiple Techniques Became Activity"}, {"explanation": "Decoy Account, Decoy Content, Decoy Credentials, Decoy Process, and Decoy Systems were collapsed into a single Activity, Decoy Artifacts and Systems. Each of these Techniques represent one form of a Decoy Artifact. The definition was expanded to include any artifact or system used to elicit a response from the adversary.", "shield_name": "Decoy Persona", "engage_name": "Decoy Artifacts and Systems", "shield_id": "DTE0015", "shield_tactics": ["DTA0001", "DTA0006", "DTA0007", "DTA0008", "DTA0004"], "engage_id": "EAC0005", "engage_approaches": ["EAP0002", "EAP0004", "EAP0005"], "status": "Multiple Techniques Became Activity"}, {"explanation": "Decoy Account, Decoy Content, Decoy Credentials, Decoy Process, and Decoy Systems were collapsed into a single Activity, Decoy Artifacts and Systems. Each of these Techniques represent one form of a Decoy Artifact. The definition was expanded to include any artifact or system used to elicit a response from the adversary.", "shield_name": "Decoy Process", "engage_name": "Decoy Artifacts and Systems", "shield_id": "DTE0016", "shield_tactics": ["DTA0001", "DTA0007"], "engage_id": "EAC0005", "engage_approaches": ["EAP0002", "EAP0004", "EAP0005"], "status": "Multiple Techniques Became Activity"}, {"explanation": "Decoy Account, Decoy Content, Decoy Credentials, Decoy Process, and Decoy Systems were collapsed into a single Activity, Decoy Artifacts and Systems. Each of these Techniques represent one form of a Decoy Artifact. The definition was expanded to include any artifact or system used to elicit a response from the adversary.", "shield_name": "Decoy System", "engage_name": "Decoy Artifacts and Systems", "shield_id": "DTE0017", "shield_tactics": ["DTA0001", "DTA0002", "DTA0008", "DTA0004", "DTA0006", "DTA0007"], "engage_id": "EAC0005", "engage_approaches": ["EAP0002", "EAP0004", "EAP0005"], "status": "Multiple Techniques Became Activity"}, {"explanation": null, "shield_name": "Detonate Malware", "engage_name": "Detonate Malware", "shield_id": "DTE0018", "shield_tactics": ["DTA0001", "DTA0002", "DTA0003", "DTA0008"], "engage_id": "EAC0013", "engage_approaches": ["EAP0002", "EAP0004", "EAP0007"], "status": "Technique Became Activity"}, {"explanation": null, "shield_name": "Email Manipulation", "engage_name": "Email Manipulation", "shield_id": "DTE0019", "shield_tactics": ["DTA0002", "DTA0004", "DTA0005"], "engage_id": "EAC0009", "engage_approaches": ["EAP0004", "EAP0006"], "status": "Technique Became Activity"}, {"explanation": null, "shield_name": "Hardware Manipulation", "engage_name": "Hardware Manipulation", "shield_id": "DTE0020", "shield_tactics": ["DTA0003", "DTA0005"], "engage_id": "EAC0017", "engage_approaches": ["EAP0003"], "status": "Technique Became Activity"}, {"explanation": "Definition was expanded to include a variety of activities the defender can use to develop a threat model, including hunting.", "shield_name": "Hunting", "engage_name": "Develop Threat Model", "shield_id": "DTE0021", "shield_tactics": ["DTA0004", "DTA0002"], "engage_id": "SAC0004", "engage_approaches": ["SAP0001"], "status": "Technique Name was Changed and Scope Broadened"}, {"explanation": null, "shield_name": "Isolation", "engage_name": "Isolation", "shield_id": "DTE0022", "shield_tactics": ["DTA0003", "DTA0004", "DTA0005"], "engage_id": "EAC0020", "engage_approaches": ["EAP0003", "EAP0005"], "status": "Technique Became Activity"}, {"explanation": null, "shield_name": "Migrate Attack Vector", "engage_name": "Migrate Attack Vector", "shield_id": "DTE0023", "shield_tactics": ["DTA0003", "DTA0001", "DTA0008"], "engage_id": "EAC0021", "engage_approaches": ["EAP0004"], "status": "Technique Became Activity"}, {"explanation": null, "shield_name": "Network Diversity", "engage_name": "Network Diversity", "shield_id": "DTE0025", "shield_tactics": ["DTA0001", "DTA0002", "DTA0006", "DTA0007", "DTA0008"], "engage_id": "EAC0007", "engage_approaches": ["EAP0006", "EAP0007"], "status": "Technique Became Activity"}, {"explanation": null, "shield_name": "Network Manipulation", "engage_name": "Network Manipulation", "shield_id": "DTE0026", "shield_tactics": ["DTA0003", "DTA0005", "DTA0006", "DTA0001", "DTA0004", "DTA0008"], "engage_id": "EAC0016", "engage_approaches": ["EAP0003", "EAP0004", "EAP0005"], "status": "Technique Became Activity"}, {"explanation": null, "shield_name": "Network Monitoring", "engage_name": "Network Monitoring", "shield_id": "DTE0027", "shield_tactics": ["DTA0004", "DTA0002"], "engage_id": "EAC0002", "engage_approaches": ["EAP0001"], "status": "Technique Became Activity"}, {"explanation": "Definition was expanded to include capturing any form of network activity data, including PCAP, NetFlow, and server, firewall, and other relevant logs", "shield_name": "PCAP Collection", "engage_name": "Network Monitoring", "shield_id": "DTE0028", "shield_tactics": ["DTA0002", "DTA0004"], "engage_id": "EAC0002", "engage_approaches": ["EAP0001"], "status": "Technique Name was Changed and Scope Broadened"}, {"explanation": null, "shield_name": "Peripheral Management", "engage_name": "Peripheral Management", "shield_id": "DTE0029", "shield_tactics": ["DTA0008", "DTA0001", "DTA0002", "DTA0006"], "engage_id": "EAC0010", "engage_approaches": ["EAP0004", "EAP0006"], "status": "Technique Became Activity"}, {"explanation": null, "shield_name": "Pocket Litter", "engage_name": "Pocket Litter", "shield_id": "DTE0030", "shield_tactics": ["DTA0006", "DTA0007", "DTA0008", "DTA0004", "DTA0001"], "engage_id": "EAC0011", "engage_approaches": ["EAP0006"], "status": "Technique Became Activity"}, {"explanation": "Definition was expanded to include all forms of traffic analysis, not just protocol decorders.", "shield_name": "Protocol Decoder", "engage_name": "Network Analysis", "shield_id": "DTE0031", "shield_tactics": ["DTA0004", "DTA0002"], "engage_id": "EAC0004", "engage_approaches": ["EAP0002"], "status": "Technique Name was Changed and Scope Broadened"}, {"explanation": null, "shield_name": "Security Controls", "engage_name": "Security Controls", "shield_id": "DTE0032", "shield_tactics": ["DTA0005", "DTA0006", "DTA0001", "DTA0008", "DTA0003", "DTA0002"], "engage_id": "EAC0018", "engage_approaches": ["EAP0003", "EAP0004"], "status": "Technique Became Activity"}, {"explanation": null, "shield_name": "System Activity Monitoring", "engage_name": "System Activity Monitoring", "shield_id": "DTE0034", "shield_tactics": ["DTA0004", "DTA0002"], "engage_id": "EAC0003", "engage_approaches": ["EAP0001"], "status": "Technique Became Activity"}, {"explanation": null, "shield_name": "Software Manipulation", "engage_name": "Software Manipulation", "shield_id": "DTE0036", "shield_tactics": ["DTA0001", "DTA0003", "DTA0005", "DTA0008", "DTA0004", "DTA0006", "DTA0002"], "engage_id": "EAC0014", "engage_approaches": ["EAP0001", "EAP0004", "EAP0005"], "status": "Technique Became Activity"}, {"explanation": "Technique was out of scope and was removed from Engage.", "shield_name": "Backup and Recovery", "engage_name": null, "shield_id": "DTE0005", "shield_tactics": ["DTA0002", "DTA0008", "DTA0005"], "engage_id": null, "engage_approaches": null, "status": "Deprecated"}, {"explanation": "Technique was out of scope and was removed from Engage.", "shield_name": "Behavioral Analytics", "engage_name": null, "shield_id": "DTE0007", "shield_tactics": ["DTA0004", "DTA0005", "DTA0006"], "engage_id": null, "engage_approaches": null, "status": "Deprecated"}, {"explanation": "Technique was out of scope and was removed from Engage.", "shield_name": "Standard Operating Procedure", "engage_name": null, "shield_id": "DTE0033", "shield_tactics": ["DTA0004", "DTA0005"], "engage_id": null, "engage_approaches": null, "status": "Deprecated"}, {"explanation": "Technique was out of scope and was removed from Engage.", "shield_name": "User Training", "engage_name": null, "shield_id": "DTE0035", "shield_tactics": ["DTA0004", "DTA0005"], "engage_id": null, "engage_approaches": null, "status": "Deprecated"}, {"explanation": "New to Engage", "shield_name": null, "engage_name": "Information Manipulation", "shield_id": null, "shield_tactics": null, "engage_id": "EAC0015", "engage_approaches": ["EAP0006", "EAP0007"], "status": "New Activity Added"}, {"explanation": "Activity is a Strategic Activity. Strategic Actvities were not in scope for Shield", "shield_name": null, "engage_name": "Strategic Goal", "shield_id": null, "shield_tactics": null, "engage_id": "SAC0001", "engage_approaches": ["SAP0001"], "status": "New Activity Added"}, {"explanation": "Activity is a Strategic Activity. Strategic Actvities were not in scope for Shield", "shield_name": null, "engage_name": "Storyboarding", "shield_id": null, "shield_tactics": null, "engage_id": "SAC0003", "engage_approaches": ["SAP0001"], "status": "New Activity Added"}, {"explanation": "Activity is a Strategic Activity. Strategic Actvities were not in scope for Shield", "shield_name": null, "engage_name": "Define Exit Criteria", "shield_id": null, "shield_tactics": null, "engage_id": "SAC0005", "engage_approaches": ["SAP0001"], "status": "New Activity Added"}, {"explanation": "Activity is a Strategic Activity. Strategic Actvities were not in scope for Shield", "shield_name": null, "engage_name": "Hotwash", "shield_id": null, "shield_tactics": null, "engage_id": "SAC0006", "engage_approaches": ["SAP0002"], "status": "New Activity Added"}, {"explanation": "Activity is a Strategic Activity. Strategic Actvities were not in scope for Shield", "shield_name": null, "engage_name": "Refine Operation Activities", "shield_id": null, "shield_tactics": null, "engage_id": "SAC0007", "engage_approaches": ["SAP0002"], "status": "New Activity Added"}, {"explanation": "Activity is a Strategic Activity. Strategic Actvities were not in scope for Shield", "shield_name": null, "engage_name": "Distill Intelligence", "shield_id": null, "shield_tactics": null, "engage_id": "SAC0008", "engage_approaches": ["SAP0002"], "status": "New Activity Added"}, {"explanation": "Activity is a Strategic Activity. Strategic Actvities were not in scope for Shield", "shield_name": null, "engage_name": "Inform Threat Model", "shield_id": null, "shield_tactics": null, "engage_id": "SAC0009", "engage_approaches": ["SAP0002"], "status": "New Activity Added"}]