|Shield ID| |Shield Name| |Shield Tactics| |Engage ID| |Engage Name| |Engage Approaches| Status Notes
DTE0001 |Admin Access| |['DTA0006', 'DTA0008', 'DTA0001', 'DTA0005', 'DTA0003']| EAC0018 |Security Controls| |['EAP0003', 'EAP0004']| |Multiple Techniques Became Activity| |Security Controls and Admin Access were collapsed into a single Activity. The new definition of Security Controls includes configuration changes to the security settings of a system, including modifying a users administrative priviledges.|
DTE0003 |API Monitoring| |['DTA0004', 'DTA0002', 'DTA0001', 'DTA0008']| EAC0001 |API Monitoring| ['EAP0001'] |Technique Became Activity| 
DTE0004 |Application Diversity| |['DTA0001', 'DTA0002', 'DTA0006', 'DTA0008', 'DTA0004', 'DTA0007', 'DTA0005']| EAC0006 |Application Diversity| |['EAP0006', 'EAP0007']| |Technique Became Activity| 
DTE0006 Baseline |['DTA0005', 'DTA0003', 'DTA0004']| EAC0019 Baseline ['EAP0003'] |Technique Became Activity| 
DTE0008 Burn-In |['DTA0007', 'DTA0006']| EAC0008 Burn-In ['EAP0006'] |Technique Became Activity| 
DTE0010 |Decoy Account| |['DTA0007', 'DTA0001', 'DTA0002', 'DTA0004', 'DTA0006', 'DTA0003', 'DTA0008']| EAC0005 |Decoy Artifacts and Systems| |['EAP0002', 'EAP0004', 'EAP0005']| |Multiple Techniques Became Activity| |Decoy Account, Decoy Content, Decoy Credentials, Decoy Process, and Decoy Systems were collapsed into a single Activity, Decoy Artifacts and Systems. Each of these Techniques represent one form of a Decoy Artifact. The definition was expanded to include any artifact or system used to elicit a response from the adversary.|
DTE0011 |Decoy Content | |['DTA0001', 'DTA0004', 'DTA0007', 'DTA0006', 'DTA0008', 'DTA0002', 'DTA0005']| EAC0005 |Decoy Artifacts and Systems| |['EAP0002', 'EAP0004', 'EAP0005']| |Multiple Techniques Became Activity| |Decoy Account, Decoy Content, Decoy Credentials, Decoy Process, and Decoy Systems were collapsed into a single Activity, Decoy Artifacts and Systems. Each of these Techniques represent one form of a Decoy Artifact. The definition was expanded to include any artifact or system used to elicit a response from the adversary.|
DTE0012 |Decoy Credentials| |['DTA0004', 'DTA0008', 'DTA0001', 'DTA0006', 'DTA0007', 'DTA0002', 'DTA0005']| EAC0005 |Decoy Artifacts and Systems| |['EAP0002', 'EAP0004', 'EAP0005']| |Multiple Techniques Became Activity| |Decoy Account, Decoy Content, Decoy Credentials, Decoy Process, and Decoy Systems were collapsed into a single Activity, Decoy Artifacts and Systems. Each of these Techniques represent one form of a Decoy Artifact. The definition was expanded to include any artifact or system used to elicit a response from the adversary.|
DTE0013 |Decoy Diversity| |['DTA0008', 'DTA0007', 'DTA0006', 'DTA0001', 'DTA0004']| EAC0005 |Decoy Artifacts and Systems| |['EAP0002', 'EAP0004', 'EAP0005']| |Multiple Techniques Became Activity| |Decoy Account, Decoy Content, Decoy Credentials, Decoy Process, and Decoy Systems were collapsed into a single Activity, Decoy Artifacts and Systems. Each of these Techniques represent one form of a Decoy Artifact. The definition was expanded to include any artifact or system used to elicit a response from the adversary.|
DTE0014 |Decoy Network| |['DTA0001', 'DTA0003', 'DTA0004', 'DTA0005', 'DTA0007', 'DTA0002', 'DTA0008']| EAC0005 |Decoy Artifacts and Systems| |['EAP0002', 'EAP0004', 'EAP0005']| |Multiple Techniques Became Activity| |Decoy Account, Decoy Content, Decoy Credentials, Decoy Process, and Decoy Systems were collapsed into a single Activity, Decoy Artifacts and Systems. Each of these Techniques represent one form of a Decoy Artifact. The definition was expanded to include any artifact or system used to elicit a response from the adversary.|
DTE0015 |Decoy Persona| |['DTA0001', 'DTA0006', 'DTA0007', 'DTA0008', 'DTA0004']| EAC0005 |Decoy Artifacts and Systems| |['EAP0002', 'EAP0004', 'EAP0005']| |Multiple Techniques Became Activity| |Decoy Account, Decoy Content, Decoy Credentials, Decoy Process, and Decoy Systems were collapsed into a single Activity, Decoy Artifacts and Systems. Each of these Techniques represent one form of a Decoy Artifact. The definition was expanded to include any artifact or system used to elicit a response from the adversary.|
DTE0016 |Decoy Process| |['DTA0001', 'DTA0007']| EAC0005 |Decoy Artifacts and Systems| |['EAP0002', 'EAP0004', 'EAP0005']| |Multiple Techniques Became Activity| |Decoy Account, Decoy Content, Decoy Credentials, Decoy Process, and Decoy Systems were collapsed into a single Activity, Decoy Artifacts and Systems. Each of these Techniques represent one form of a Decoy Artifact. The definition was expanded to include any artifact or system used to elicit a response from the adversary.|
DTE0017 |Decoy System| |['DTA0001', 'DTA0002', 'DTA0008', 'DTA0004', 'DTA0006', 'DTA0007']| EAC0005 |Decoy Artifacts and Systems| |['EAP0002', 'EAP0004', 'EAP0005']| |Multiple Techniques Became Activity| |Decoy Account, Decoy Content, Decoy Credentials, Decoy Process, and Decoy Systems were collapsed into a single Activity, Decoy Artifacts and Systems. Each of these Techniques represent one form of a Decoy Artifact. The definition was expanded to include any artifact or system used to elicit a response from the adversary.|
DTE0018 |Detonate Malware| |['DTA0001', 'DTA0002', 'DTA0003', 'DTA0008']| EAC0013 |Detonate Malware| |['EAP0002', 'EAP0004', 'EAP0007']| |Technique Became Activity| 
DTE0019 |Email Manipulation| |['DTA0002', 'DTA0004', 'DTA0005']| EAC0009 |Email Manipulation| |['EAP0004', 'EAP0006']| |Technique Became Activity| 
DTE0020 |Hardware Manipulation| |['DTA0003', 'DTA0005']| EAC0017 |Hardware Manipulation| ['EAP0003'] |Technique Became Activity| 
DTE0021 Hunting |['DTA0004', 'DTA0002']| SAC0004 |Develop Threat Model| ['SAP0001'] |Technique Name was Changed and Scope Broadened| |Definition was expanded to include a variety of activities the defender can use to develop a threat model, including hunting.|
DTE0022 Isolation |['DTA0003', 'DTA0004', 'DTA0005']| EAC0020 Isolation |['EAP0003', 'EAP0005']| |Technique Became Activity| 
DTE0023 |Migrate Attack Vector| |['DTA0003', 'DTA0001', 'DTA0008']| EAC0021 |Migrate Attack Vector| ['EAP0004'] |Technique Became Activity| 
DTE0025 |Network Diversity| |['DTA0001', 'DTA0002', 'DTA0006', 'DTA0007', 'DTA0008']| EAC0007 |Network Diversity| |['EAP0006', 'EAP0007']| |Technique Became Activity| 
DTE0026 |Network Manipulation| |['DTA0003', 'DTA0005', 'DTA0006', 'DTA0001', 'DTA0004', 'DTA0008']| EAC0016 |Network Manipulation| |['EAP0003', 'EAP0004', 'EAP0005']| |Technique Became Activity| 
DTE0027 |Network Monitoring| |['DTA0004', 'DTA0002']| EAC0002 |Network Monitoring| ['EAP0001'] |Technique Became Activity| 
DTE0028 |PCAP Collection| |['DTA0002', 'DTA0004']| EAC0002 |Network Monitoring| ['EAP0001'] |Technique Name was Changed and Scope Broadened| |Definition was expanded to include capturing any form of network activity data, including PCAP, NetFlow, and server, firewall, and other relevant logs|
DTE0029 |Peripheral Management| |['DTA0008', 'DTA0001', 'DTA0002', 'DTA0006']| EAC0010 |Peripheral Management| |['EAP0004', 'EAP0006']| |Technique Became Activity| 
DTE0030 |Pocket Litter| |['DTA0006', 'DTA0007', 'DTA0008', 'DTA0004', 'DTA0001']| EAC0011 |Pocket Litter| ['EAP0006'] |Technique Became Activity| 
DTE0031 |Protocol Decoder| |['DTA0004', 'DTA0002']| EAC0004 |Network Analysis| ['EAP0002'] |Technique Name was Changed and Scope Broadened| |Definition was expanded to include all forms of traffic analysis, not just protocol decorders.|
DTE0032 |Security Controls| |['DTA0005', 'DTA0006', 'DTA0001', 'DTA0008', 'DTA0003', 'DTA0002']| EAC0018 |Security Controls| |['EAP0003', 'EAP0004']| |Technique Became Activity| 
DTE0034 |System Activity Monitoring| |['DTA0004', 'DTA0002']| EAC0003 |System Activity Monitoring| ['EAP0001'] |Technique Became Activity| 
DTE0036 |Software Manipulation| |['DTA0001', 'DTA0003', 'DTA0005', 'DTA0008', 'DTA0004', 'DTA0006', 'DTA0002']| EAC0014 |Software Manipulation| |['EAP0001', 'EAP0004', 'EAP0005']| |Technique Became Activity| 
DTE0005 |Backup and Recovery| |['DTA0002', 'DTA0008', 'DTA0005']|    Deprecated |Technique was out of scope and was removed from Engage.|
DTE0007 |Behavioral Analytics| |['DTA0004', 'DTA0005', 'DTA0006']|    Deprecated |Technique was out of scope and was removed from Engage.|
DTE0033 |Standard Operating Procedure| |['DTA0004', 'DTA0005']|    Deprecated |Technique was out of scope and was removed from Engage.|
DTE0035 |User Training| |['DTA0004', 'DTA0005']|    Deprecated |Technique was out of scope and was removed from Engage.|
   EAC0015 |Information Manipulation| |['EAP0006', 'EAP0007']| |New Activity Added| |New to Engage|
   SAC0001 |Strategic Goal| ['SAP0001'] |New Activity Added| |Activity is a Strategic Activity. Strategic Actvities were not in scope for Shield|
   SAC0003 Storyboarding ['SAP0001'] |New Activity Added| |Activity is a Strategic Activity. Strategic Actvities were not in scope for Shield|
   SAC0005 |Define Exit Criteria| ['SAP0001'] |New Activity Added| |Activity is a Strategic Activity. Strategic Actvities were not in scope for Shield|
   SAC0006 Hotwash ['SAP0002'] |New Activity Added| |Activity is a Strategic Activity. Strategic Actvities were not in scope for Shield|
   SAC0007 |Refine Operation Activities| ['SAP0002'] |New Activity Added| |Activity is a Strategic Activity. Strategic Actvities were not in scope for Shield|
   SAC0008 |Distill Intelligence| ['SAP0002'] |New Activity Added| |Activity is a Strategic Activity. Strategic Actvities were not in scope for Shield|
   SAC0009 |Inform Threat Model| ['SAP0002'] |New Activity Added| |Activity is a Strategic Activity. Strategic Actvities were not in scope for Shield|
